Rating,Model Name,Type
1,TVS iQube,2-wheeler
1,TVS iQube,2-wheeler
3,TVS iQube,2-wheeler
1,TVS iQube,2-wheeler
1,TVS iQube,2-wheeler
1,TVS iQube,2-wheeler
3,TVS iQube,2-wheeler
1,TVS iQube,2-wheeler
3,TVS iQube,2-wheeler
2,TVS iQube,2-wheeler
5,TVS iQube,2-wheeler
5,TVS iQube,2-wheeler
5,TVS iQube,2-wheeler
5,TVS iQube,2-wheeler
2,TVS iQube,2-wheeler
4,TVS iQube,2-wheeler
1,TVS iQube,2-wheeler
1,Revolt RV 400,2-wheeler
5,Revolt RV 400,2-wheeler
5,Revolt RV 400,2-wheeler
5,Revolt RV 400,2-wheeler
1,Revolt RV 400,2-wheeler
3,Revolt RV 400,2-wheeler
5,Revolt RV 400,2-wheeler
5,Revolt RV 400,2-wheeler
5,Revolt RV 400,2-wheeler
4,Revolt RV 400,2-wheeler
4,Revolt RV 400,2-wheeler
1,Revolt RV 400,2-wheeler
5,Revolt RV 400,2-wheeler
5,Revolt RV 400,2-wheeler
5,Revolt RV 400,2-wheeler
1,Revolt RV 400,2-wheeler
5,Revolt RV 400,2-wheeler
5,Revolt RV 400,2-wheeler
5,Revolt RV 400,2-wheeler
2,Revolt RV 400,2-wheeler
5,Revolt RV 400,2-wheeler
1,Revolt RV 400,2-wheeler
1,Revolt RV 400,2-wheeler
4,Revolt RV 400,2-wheeler
5,Revolt RV 400,2-wheeler
4,Revolt RV 400,2-wheeler
4,Revolt RV 400,2-wheeler
4,Revolt RV 400,2-wheeler
3,Revolt RV 400,2-wheeler
5,Revolt RV 400,2-wheeler
4,Revolt RV 400,2-wheeler
4,Revolt RV 400,2-wheeler
4,Revolt RV 400,2-wheeler
5,Revolt RV 400,2-wheeler
5,Revolt RV 400,2-wheeler
5,Revolt RV 400,2-wheeler
5,Revolt RV 400,2-wheeler
4,Revolt RV 400,2-wheeler
4,Revolt RV 400,2-wheeler
4,Revolt RV 400,2-wheeler
4,Revolt RV 400,2-wheeler
2,Revolt RV 400,2-wheeler
5,Revolt RV 400,2-wheeler
5,Revolt RV 400,2-wheeler
5,Revolt RV 400,2-wheeler
4,Revolt RV 400,2-wheeler
3,Revolt RV 400,2-wheeler
1,Revolt RV 400,2-wheeler
5,Revolt RV 400,2-wheeler
1,Revolt RV 400,2-wheeler
5,Revolt RV 400,2-wheeler
2,Revolt RV 400,2-wheeler
5,Bajaj Chetak,2-wheeler
5,Bajaj Chetak,2-wheeler
4,Bajaj Chetak,2-wheeler
5,Bajaj Chetak,2-wheeler
5,Bajaj Chetak,2-wheeler
5,Bajaj Chetak,2-wheeler
5,Bajaj Chetak,2-wheeler
5,Bajaj Chetak,2-wheeler
5,Bajaj Chetak,2-wheeler
1,Bajaj Chetak,2-wheeler
5,Bajaj Chetak,2-wheeler
5,Bajaj Chetak,2-wheeler
1,Bajaj Chetak,2-wheeler
1,Bajaj Chetak,2-wheeler
5,Bajaj Chetak,2-wheeler
5,OLA S1 Pro,2-wheeler
1,OLA S1 Pro,2-wheeler
4,OLA S1 Pro,2-wheeler
1,OLA S1 Pro,2-wheeler
5,OLA S1 Pro,2-wheeler
3,OLA S1 Pro,2-wheeler
5,OLA S1 Pro,2-wheeler
5,OLA S1 Pro,2-wheeler
5,OLA S1 Pro,2-wheeler
1,OLA S1 Pro,2-wheeler
5,OLA S1 Pro,2-wheeler
5,OLA S1 Pro,2-wheeler
4,OLA S1 Pro,2-wheeler
5,OLA S1 Pro,2-wheeler
5,OLA S1 Pro,2-wheeler
4,OLA S1 Pro,2-wheeler
4,OLA S1 Pro,2-wheeler
5,OLA S1 Pro,2-wheeler
1,OLA S1 Pro,2-wheeler
4,OLA S1 Pro,2-wheeler
3,OLA S1 Pro,2-wheeler
5,OLA S1 Pro,2-wheeler
4,OLA S1 Pro,2-wheeler
1,OLA S1 Pro,2-wheeler
1,OLA S1 Pro,2-wheeler
5,OLA S1 Pro,2-wheeler
4,OLA S1 Pro,2-wheeler
2,OLA S1 Pro,2-wheeler
1,Ather 450X,2-wheeler
5,Ather 450X,2-wheeler
5,Ather 450X,2-wheeler
5,Ather 450X,2-wheeler
1,Ather 450X,2-wheeler
4,Ather 450X,2-wheeler
5,Ather 450X,2-wheeler
2,Ather 450X,2-wheeler
5,Ather 450X,2-wheeler
5,Ather 450X,2-wheeler
5,Ather 450X,2-wheeler
5,Ather 450X,2-wheeler
5,Ather 450X,2-wheeler
1,Ather 450X,2-wheeler
5,Ather 450X,2-wheeler
5,Ather 450X,2-wheeler
5,Ather 450X,2-wheeler
4,Ather 450X,2-wheeler
5,Ather 450X,2-wheeler
1,Ather 450X,2-wheeler
1,Ather 450X,2-wheeler
1,Ather 450X,2-wheeler
1,Ather 450X,2-wheeler
1,Ather 450X,2-wheeler
2,Ather 450X,2-wheeler
5,Ather 450X,2-wheeler
5,Ather 450X,2-wheeler
5,Ather 450X,2-wheeler
5,Ather 450X,2-wheeler
5,Ather 450X,2-wheeler
1,Hero Electric Optima,2-wheeler
1,Hero Electric Optima,2-wheeler
1,Hero Electric Optima,2-wheeler
3,Hero Electric Optima,2-wheeler
5,Hero Electric Optima,2-wheeler
3,Hero Electric Optima,2-wheeler
5,Hero Electric Optima,2-wheeler
1,Hero Electric Optima,2-wheeler
3,Hero Electric Optima,2-wheeler
1,Hero Electric Optima,2-wheeler
5,Hero Electric Optima,2-wheeler
1,Hero Electric Optima,2-wheeler
1,Hero Electric Optima,2-wheeler
5,Hero Electric Optima,2-wheeler
4,Hero Electric Optima,2-wheeler
1,Hero Electric Optima,2-wheeler
1,Hero Electric Optima,2-wheeler
1,Hero Electric Optima,2-wheeler
4,Hero Electric Optima,2-wheeler
1,Hero Electric Optima,2-wheeler
1,Hero Electric Optima,2-wheeler
2,Hero Electric Optima,2-wheeler
1,Hero Electric Optima,2-wheeler
5,Hero Electric Optima,2-wheeler
1,Hero Electric Optima,2-wheeler
3,Hero Electric Optima,2-wheeler
1,Hero Electric Optima,2-wheeler
1,Hero Electric Optima,2-wheeler
4,Hero Electric Optima,2-wheeler
4,Hero Electric Optima,2-wheeler
1,Hero Electric Optima,2-wheeler
1,Hero Electric Optima,2-wheeler
1,Hero Electric Optima,2-wheeler
5,Hero Electric Optima,2-wheeler
5,Hero Electric Optima,2-wheeler
2,Hero Electric Optima,2-wheeler
2,Hero Electric Optima,2-wheeler
5,Hero Electric Optima,2-wheeler
4,Hero Electric Optima,2-wheeler
5,Hero Electric Optima,2-wheeler
5,Hero Electric Optima,2-wheeler
5,Hero Electric Optima,2-wheeler
4,Hero Electric Optima,2-wheeler
1,Hero Electric Optima,2-wheeler
5,Hero Electric Optima,2-wheeler
4,Hero Electric Optima,2-wheeler
1,Hero Electric Optima,2-wheeler
1,Hero Electric Optima,2-wheeler
5,Hero Electric Optima,2-wheeler
3,Hero Electric Optima,2-wheeler
2,Hero Electric Optima,2-wheeler
5,Hero Electric Optima,2-wheeler
4,Hero Electric Optima,2-wheeler
4,Hero Electric Optima,2-wheeler
4,Hero Electric Optima,2-wheeler
4,Hero Electric Optima,2-wheeler
4,Hero Electric Optima,2-wheeler
3,Hero Electric Optima,2-wheeler
3,Hero Electric Optima,2-wheeler
5,Hero Electric Optima,2-wheeler
4,Hero Electric Optima,2-wheeler
4,Hero Electric Optima,2-wheeler
4,Hero Electric Optima,2-wheeler
4,Hero Electric Optima,2-wheeler
5,Hero Electric Optima,2-wheeler
5,Hero Electric Optima,2-wheeler
3,Hero Electric Optima,2-wheeler
1,Hero Electric Optima,2-wheeler
5,Hero Electric Optima,2-wheeler
3,Hero Electric Optima,2-wheeler
5,Hero Electric Optima,2-wheeler
4,Hero Electric Optima,2-wheeler
5,Hero Electric Optima,2-wheeler
5,Hero Electric Optima,2-wheeler
4,Hero Electric Optima,2-wheeler
5,Hero Electric Optima,2-wheeler
5,Hero Electric Optima,2-wheeler
1,Hero Electric Optima,2-wheeler
1,Hero Electric Optima,2-wheeler
3,Hero Electric Optima,2-wheeler
2,Hero Electric Optima,2-wheeler
3,Hero Electric Optima,2-wheeler
4,Tork Kratos,2-wheeler
5,Tork Kratos,2-wheeler
5,Tork Kratos,2-wheeler
3,Tork Kratos,2-wheeler
4,Tork Kratos,2-wheeler
5,Tork Kratos,2-wheeler
5,Tork Kratos,2-wheeler
5,Tork Kratos,2-wheeler
4,Tork Kratos,2-wheeler
5,Tork Kratos,2-wheeler
3,Tork Kratos,2-wheeler
1,Tork Kratos,2-wheeler
1,Tork Kratos,2-wheeler
1,Tork Kratos,2-wheeler
5,Tork Kratos,2-wheeler
4,Tork Kratos,2-wheeler
5,Tork Kratos,2-wheeler
4,Tork Kratos,2-wheeler
5,Tork Kratos,2-wheeler
5,Tork Kratos,2-wheeler
4,Tork Kratos,2-wheeler
4,Tork Kratos,2-wheeler
5,Tork Kratos,2-wheeler
5,Tork Kratos,2-wheeler
4,Tork Kratos,2-wheeler
5,Tork Kratos,2-wheeler
5,Tork Kratos,2-wheeler
5,Tork Kratos,2-wheeler
5,Tork Kratos,2-wheeler
4,Tork Kratos,2-wheeler
4,Tork Kratos,2-wheeler
5,Tork Kratos,2-wheeler
4,Tork Kratos,2-wheeler
5,Tork Kratos,2-wheeler
4,Tork Kratos,2-wheeler
5,Tork Kratos,2-wheeler
5,Tork Kratos,2-wheeler
5,Tork Kratos,2-wheeler
5,OLA S1,2-wheeler
1,OLA S1,2-wheeler
1,OLA S1,2-wheeler
1,OLA S1,2-wheeler
5,OLA S1,2-wheeler
4,OLA S1,2-wheeler
1,OLA S1,2-wheeler
2,OLA S1,2-wheeler
5,OLA S1,2-wheeler
5,OLA S1,2-wheeler
4,OLA S1,2-wheeler
5,OLA S1,2-wheeler
5,OLA S1,2-wheeler
5,OLA S1,2-wheeler
4,OLA S1,2-wheeler
4,OLA S1,2-wheeler
2,OLA S1,2-wheeler
5,OLA S1,2-wheeler
5,OLA S1,2-wheeler
4,OLA S1,2-wheeler
4,OLA S1,2-wheeler
5,OLA S1,2-wheeler
5,OLA S1,2-wheeler
1,OLA S1,2-wheeler
1,OLA S1,2-wheeler
1,OLA S1,2-wheeler
1,OLA S1,2-wheeler
1,OLA S1,2-wheeler
1,OLA S1,2-wheeler
5,Bounce Infinity E1,2-wheeler
5,Bounce Infinity E1,2-wheeler
5,Bounce Infinity E1,2-wheeler
4,Bounce Infinity E1,2-wheeler
5,Bounce Infinity E1,2-wheeler
1,Bounce Infinity E1,2-wheeler
5,Bounce Infinity E1,2-wheeler
1,Bounce Infinity E1,2-wheeler
1,Bounce Infinity E1,2-wheeler
1,Bounce Infinity E1,2-wheeler
1,Bounce Infinity E1,2-wheeler
1,Bounce Infinity E1,2-wheeler
1,Hero Electric Optima CX,2-wheeler
5,Hero Electric Optima CX,2-wheeler
4,Hero Electric Optima CX,2-wheeler
5,Hero Electric Optima CX,2-wheeler
3,Hero Electric Optima CX,2-wheeler
5,Hero Electric Optima CX,2-wheeler
2,Hero Electric Optima CX,2-wheeler
3,Hero Electric Optima CX,2-wheeler
4,Hero Electric Optima CX,2-wheeler
5,Hero Electric Flash,2-wheeler
3,Hero Electric Flash,2-wheeler
5,Hero Electric Flash,2-wheeler
1,Hero Electric Flash,2-wheeler
5,Hero Electric Flash,2-wheeler
5,Hero Electric Flash,2-wheeler
5,Hero Electric Flash,2-wheeler
5,Hero Electric Flash,2-wheeler
5,Hero Electric Flash,2-wheeler
5,Hero Electric Flash,2-wheeler
5,Hero Electric Flash,2-wheeler
1,Hero Electric Flash,2-wheeler
4,Hero Electric Flash,2-wheeler
1,Hero Electric Flash,2-wheeler
3,Hero Electric Flash,2-wheeler
4,Hero Electric Flash,2-wheeler
5,Hero Electric Flash,2-wheeler
5,Hero Electric Flash,2-wheeler
4,Hero Electric Flash,2-wheeler
4,Hero Electric Flash,2-wheeler
1,Hero Electric Flash,2-wheeler
1,Hero Electric Flash,2-wheeler
1,Hero Electric Flash,2-wheeler
1,Hero Electric Flash,2-wheeler
1,Hero Electric Flash,2-wheeler
5,Hero Electric Flash,2-wheeler
5,Hero Electric Flash,2-wheeler
5,Hero Electric Flash,2-wheeler
2,Hero Electric Flash,2-wheeler
5,Hero Electric Flash,2-wheeler
4,Hero Electric Flash,2-wheeler
5,Hero Electric Flash,2-wheeler
1,Hero Electric Flash,2-wheeler
4,Hero Electric Flash,2-wheeler
4,Hero Electric Flash,2-wheeler
1,Hero Electric Flash,2-wheeler
4,Hero Electric Flash,2-wheeler
5,Hero Electric Flash,2-wheeler
4,Hero Electric Flash,2-wheeler
3,Hero Electric Flash,2-wheeler
5,Hero Electric Flash,2-wheeler
1,Hero Electric Flash,2-wheeler
4,Hero Electric Flash,2-wheeler
5,Hero Electric Flash,2-wheeler
5,Hero Electric Flash,2-wheeler
4,Hero Electric Flash,2-wheeler
1,Hero Electric Flash,2-wheeler
1,Hero Electric Flash,2-wheeler
1,Hero Electric Flash,2-wheeler
4,Hero Electric Flash,2-wheeler
4,Hero Electric Flash,2-wheeler
5,Hero Electric Flash,2-wheeler
4,Hero Electric Flash,2-wheeler
5,Hero Electric Flash,2-wheeler
4,Hero Electric Flash,2-wheeler
5,Hero Electric Flash,2-wheeler
5,Hero Electric Flash,2-wheeler
3,Hero Electric Flash,2-wheeler
5,Hero Electric Flash,2-wheeler
4,Hero Electric Flash,2-wheeler
5,Hero Electric Flash,2-wheeler
4,Hero Electric Flash,2-wheeler
4,Hero Electric Flash,2-wheeler
5,Hero Electric Flash,2-wheeler
5,Hero Electric Flash,2-wheeler
5,Hero Electric Flash,2-wheeler
5,Hero Electric Flash,2-wheeler
1,Hero Electric Flash,2-wheeler
5,Hero Electric Flash,2-wheeler
3,Hero Electric Flash,2-wheeler
5,Hero Electric Flash,2-wheeler
1,Hero Electric Flash,2-wheeler
5,Hero Electric Flash,2-wheeler
5,Hero Electric Flash,2-wheeler
4,Hero Electric Flash,2-wheeler
5,Hero Electric Flash,2-wheeler
4,Hero Electric Flash,2-wheeler
4,Hero Electric Flash,2-wheeler
4,Hero Electric Flash,2-wheeler
5,Hero Electric Flash,2-wheeler
5,Hero Electric Flash,2-wheeler
1,Hero Electric Flash,2-wheeler
4,Hero Electric Flash,2-wheeler
5,Hero Electric Flash,2-wheeler
1,Hero Electric Flash,2-wheeler
1,Hero Electric Flash,2-wheeler
5,Hero Electric Flash,2-wheeler
4,Hero Electric Flash,2-wheeler
5,Hero Electric Flash,2-wheeler
5,Hero Electric Flash,2-wheeler
5,Hero Electric Flash,2-wheeler
5,Hero Electric Flash,2-wheeler
4,Hero Electric Flash,2-wheeler
5,Hero Electric Flash,2-wheeler
4,Hero Electric Flash,2-wheeler
5,Hero Electric Flash,2-wheeler
5,Hero Electric Flash,2-wheeler
5,Hero Electric Flash,2-wheeler
5,Hero Electric Flash,2-wheeler
4,Hero Electric Flash,2-wheeler
5,Hero Electric Flash,2-wheeler
5,Hero Electric Flash,2-wheeler
5,Ampere Magnus EX,2-wheeler
4,Ampere Magnus EX,2-wheeler
5,Ampere Magnus EX,2-wheeler
1,Ampere Magnus EX,2-wheeler
3,Ampere Magnus EX,2-wheeler
5,Ampere Magnus EX,2-wheeler
5,Ampere Magnus EX,2-wheeler
5,Ampere Magnus EX,2-wheeler
5,Ampere Magnus EX,2-wheeler
5,Ampere Magnus EX,2-wheeler
5,Ampere Magnus EX,2-wheeler
4,Ampere Magnus EX,2-wheeler
1,Ampere Magnus EX,2-wheeler
4,Ampere Magnus EX,2-wheeler
4,Ampere Magnus EX,2-wheeler
5,Ampere Magnus EX,2-wheeler
5,Ampere Magnus EX,2-wheeler
5,Ampere Magnus EX,2-wheeler
4,Ampere Magnus EX,2-wheeler
4,Ampere Magnus EX,2-wheeler
5,Ampere Magnus EX,2-wheeler
4,Ampere Magnus EX,2-wheeler
1,Ampere Magnus EX,2-wheeler
3,Ampere Magnus EX,2-wheeler
1,Ampere Magnus EX,2-wheeler
4,Ampere Magnus EX,2-wheeler
5,Ampere Magnus EX,2-wheeler
4,Ampere Magnus EX,2-wheeler
5,Revolt RV 300,2-wheeler
5,Revolt RV 300,2-wheeler
5,Revolt RV 300,2-wheeler
1,Revolt RV 300,2-wheeler
1,Revolt RV 300,2-wheeler
5,Revolt RV 300,2-wheeler
5,Revolt RV 300,2-wheeler
5,Revolt RV 300,2-wheeler
5,Revolt RV 300,2-wheeler
5,Revolt RV 300,2-wheeler
4,Hero Electric Photon,2-wheeler
5,Hero Electric Photon,2-wheeler
4,Hero Electric Photon,2-wheeler
4,Hero Electric Photon,2-wheeler
5,Hero Electric Photon,2-wheeler
5,Hero Electric Photon,2-wheeler
3,Hero Electric Photon,2-wheeler
1,Hero Electric Photon,2-wheeler
2,Hero Electric Photon,2-wheeler
5,Hero Electric Photon,2-wheeler
2,Hero Electric Photon,2-wheeler
5,Hero Electric Photon,2-wheeler
3,Hero Electric Photon,2-wheeler
5,Hero Electric Photon,2-wheeler
1,Hero Electric Photon,2-wheeler
4,Hero Electric Photon,2-wheeler
1,Hero Electric Photon,2-wheeler
5,Hero Electric Photon,2-wheeler
5,Hero Electric Photon,2-wheeler
5,Hero Electric Photon,2-wheeler
5,Hero Electric Photon,2-wheeler
5,Hero Electric Photon,2-wheeler
1,Hero Electric Photon,2-wheeler
3,Hero Electric Photon,2-wheeler
5,Hero Electric Photon,2-wheeler
4,Hero Electric Photon,2-wheeler
5,Hero Electric Photon,2-wheeler
2,Hero Electric Photon,2-wheeler
1,Hero Electric Photon,2-wheeler
2,Hero Electric Photon,2-wheeler
5,Hero Electric Photon,2-wheeler
4,Hero Electric Photon,2-wheeler
1,Hero Electric Photon,2-wheeler
5,Hero Electric Photon,2-wheeler
5,Hero Electric Photon,2-wheeler
5,Hero Electric Photon,2-wheeler
1,Hero Electric Photon,2-wheeler
2,Hero Electric Photon,2-wheeler
1,Okinawa Praise,2-wheeler
3,Okinawa Praise,2-wheeler
1,Okinawa Praise,2-wheeler
3,Okinawa Praise,2-wheeler
1,Okinawa Praise,2-wheeler
1,Okinawa Praise,2-wheeler
1,Okinawa Praise,2-wheeler
1,Okinawa Praise,2-wheeler
5,Okinawa Praise,2-wheeler
1,Okinawa Praise,2-wheeler
1,Okinawa Praise,2-wheeler
5,Okinawa Praise,2-wheeler
5,Okinawa Praise,2-wheeler
5,Okinawa Praise,2-wheeler
5,Okinawa Praise,2-wheeler
1,Okinawa Praise,2-wheeler
1,Okinawa Praise,2-wheeler
1,Okinawa Praise,2-wheeler
1,Okinawa Praise,2-wheeler
1,Okinawa Praise,2-wheeler
1,Okinawa Praise,2-wheeler
1,Okinawa Praise,2-wheeler
1,Okinawa Praise,2-wheeler
1,Okinawa Praise,2-wheeler
1,Okinawa Praise,2-wheeler
5,Okinawa Praise,2-wheeler
1,Okinawa Praise,2-wheeler
1,Okinawa Praise,2-wheeler
1,Okinawa Praise,2-wheeler
5,Okinawa Praise,2-wheeler
1,Okinawa Praise,2-wheeler
1,Okinawa Praise,2-wheeler
5,Okinawa Praise,2-wheeler
1,Okinawa Praise,2-wheeler
1,Okinawa Praise,2-wheeler
3,Okinawa Praise,2-wheeler
1,Okinawa Praise,2-wheeler
1,Okinawa Praise,2-wheeler
1,Okinawa Praise,2-wheeler
1,Okinawa Praise,2-wheeler
1,Okinawa Praise,2-wheeler
1,Okinawa Praise,2-wheeler
5,Okinawa Praise,2-wheeler
5,Okinawa Praise,2-wheeler
5,Okinawa Praise,2-wheeler
5,Okinawa Praise,2-wheeler
1,Okinawa Praise,2-wheeler
5,Okinawa Praise,2-wheeler
5,Okinawa Praise,2-wheeler
2,Okinawa Praise,2-wheeler
5,Okinawa Praise,2-wheeler
5,Okinawa Praise,2-wheeler
4,Okinawa Praise,2-wheeler
3,Okinawa Praise,2-wheeler
5,Okinawa Praise,2-wheeler
5,Okinawa Praise,2-wheeler
5,Okinawa Praise,2-wheeler
4,Okinawa Praise,2-wheeler
1,Okinawa Praise,2-wheeler
5,Okinawa Praise,2-wheeler
5,Okinawa Praise,2-wheeler
3,Okinawa Praise,2-wheeler
5,Okinawa Praise,2-wheeler
5,Okinawa Praise,2-wheeler
5,Okinawa Praise,2-wheeler
1,Okinawa Praise,2-wheeler
5,Okinawa Praise,2-wheeler
1,Okinawa Praise,2-wheeler
4,Okinawa Praise,2-wheeler
1,Okinawa Praise,2-wheeler
1,Okinawa Praise,2-wheeler
1,Okinawa Praise,2-wheeler
2,Okinawa Praise,2-wheeler
4,Okinawa Praise,2-wheeler
5,Okinawa Praise,2-wheeler
3,Okinawa Praise,2-wheeler
1,Okinawa Praise,2-wheeler
5,Okinawa Praise,2-wheeler
1,Okinawa Praise,2-wheeler
5,Okinawa Praise,2-wheeler
4,Okinawa Praise,2-wheeler
5,Okinawa Praise,2-wheeler
1,Okinawa Praise,2-wheeler
1,Okinawa Praise,2-wheeler
1,Okinawa Praise,2-wheeler
1,Okinawa Praise,2-wheeler
3,Okinawa Praise,2-wheeler
2,Okinawa Praise,2-wheeler
1,Okinawa Praise,2-wheeler
1,Okinawa Praise,2-wheeler
5,Okinawa Praise,2-wheeler
2,Okinawa Praise,2-wheeler
1,Okinawa Praise,2-wheeler
2,Okinawa Praise,2-wheeler
5,Okinawa Praise,2-wheeler
1,Benling Aura,2-wheeler
1,Benling Aura,2-wheeler
1,Benling Aura,2-wheeler
1,Benling Aura,2-wheeler
5,Benling Aura,2-wheeler
5,Benling Aura,2-wheeler
5,Benling Aura,2-wheeler
3,Benling Aura,2-wheeler
1,Benling Aura,2-wheeler
5,Benling Aura,2-wheeler
1,Benling Aura,2-wheeler
3,Benling Aura,2-wheeler
1,Benling Aura,2-wheeler
3,Benling Aura,2-wheeler
5,Benling Aura,2-wheeler
5,Benling Aura,2-wheeler
1,Benling Aura,2-wheeler
5,Benling Aura,2-wheeler
2,Benling Aura,2-wheeler
5,Benling Aura,2-wheeler
1,Benling Aura,2-wheeler
3,Benling Aura,2-wheeler
3,Ampere Magnus Pro,2-wheeler
1,Ampere Magnus Pro,2-wheeler
1,Ampere Magnus Pro,2-wheeler
1,Ampere Magnus Pro,2-wheeler
3,Ampere Magnus Pro,2-wheeler
5,Ampere Magnus Pro,2-wheeler
5,Ampere Magnus Pro,2-wheeler
1,Ampere Magnus Pro,2-wheeler
1,Ampere Magnus Pro,2-wheeler
5,Ampere Magnus Pro,2-wheeler
5,Ampere Magnus Pro,2-wheeler
5,Ampere Magnus Pro,2-wheeler
5,Ampere Magnus Pro,2-wheeler
5,Ampere Magnus Pro,2-wheeler
5,Ampere Magnus Pro,2-wheeler
4,Ampere Magnus Pro,2-wheeler
4,Ampere Magnus Pro,2-wheeler
1,Ampere Magnus Pro,2-wheeler
5,Ampere Magnus Pro,2-wheeler
1,Ampere Magnus Pro,2-wheeler
1,Ampere Magnus Pro,2-wheeler
1,Ampere Magnus Pro,2-wheeler
1,PURE EV EPluto 7G,2-wheeler
2,PURE EV EPluto 7G,2-wheeler
4,PURE EV EPluto 7G,2-wheeler
1,PURE EV EPluto 7G,2-wheeler
4,PURE EV EPluto 7G,2-wheeler
4,PURE EV EPluto 7G,2-wheeler
1,PURE EV EPluto 7G,2-wheeler
1,PURE EV EPluto 7G,2-wheeler
1,PURE EV EPluto 7G,2-wheeler
5,PURE EV EPluto 7G,2-wheeler
5,PURE EV EPluto 7G,2-wheeler
1,PURE EV EPluto 7G,2-wheeler
1,PURE EV EPluto 7G,2-wheeler
5,PURE EV EPluto 7G,2-wheeler
1,PURE EV EPluto 7G,2-wheeler
1,PURE EV EPluto 7G,2-wheeler
3,PURE EV EPluto 7G,2-wheeler
5,PURE EV EPluto 7G,2-wheeler
5,PURE EV EPluto 7G,2-wheeler
5,PURE EV EPluto 7G,2-wheeler
5,PURE EV EPluto 7G,2-wheeler
4,PURE EV EPluto 7G,2-wheeler
5,PURE EV EPluto 7G,2-wheeler
5,PURE EV EPluto 7G,2-wheeler
5,PURE EV EPluto 7G,2-wheeler
4,PURE EV EPluto 7G,2-wheeler
5,PURE EV EPluto 7G,2-wheeler
1,PURE EV EPluto 7G,2-wheeler
2,PURE EV EPluto 7G,2-wheeler
5,PURE EV EPluto 7G,2-wheeler
1,PURE EV EPluto 7G,2-wheeler
1,PURE EV EPluto 7G,2-wheeler
2,PURE EV EPluto 7G,2-wheeler
1,PURE EV EPluto 7G,2-wheeler
1,PURE EV EPluto 7G,2-wheeler
4,PURE EV EPluto 7G,2-wheeler
5,PURE EV EPluto 7G,2-wheeler
1,PURE EV EPluto 7G,2-wheeler
4,PURE EV EPluto 7G,2-wheeler
1,PURE EV EPluto 7G,2-wheeler
2,PURE EV EPluto 7G,2-wheeler
1,PURE EV EPluto 7G,2-wheeler
2,PURE EV EPluto 7G,2-wheeler
1,PURE EV EPluto 7G,2-wheeler
1,PURE EV EPluto 7G,2-wheeler
5,PURE EV EPluto 7G,2-wheeler
5,PURE EV EPluto 7G,2-wheeler
4,PURE EV EPluto 7G,2-wheeler
1,PURE EV EPluto 7G,2-wheeler
2,PURE EV EPluto 7G,2-wheeler
1,Ampere REO,2-wheeler
1,Ampere REO,2-wheeler
5,Ampere REO,2-wheeler
1,Ampere REO,2-wheeler
1,Ampere REO,2-wheeler
1,Ampere REO,2-wheeler
4,Ampere REO,2-wheeler
5,Ampere REO,2-wheeler
2,Ampere REO,2-wheeler
1,Ampere REO,2-wheeler
3,Ampere REO,2-wheeler
3,Ampere REO,2-wheeler
4,Ampere REO,2-wheeler
3,Ampere REO,2-wheeler
5,Ampere REO,2-wheeler
5,Ampere REO,2-wheeler
5,Ampere REO,2-wheeler
2,Ampere REO,2-wheeler
1,Ampere REO,2-wheeler
1,Ampere REO,2-wheeler
1,Ampere REO,2-wheeler
1,Ampere REO,2-wheeler
5,Ampere REO,2-wheeler
1,Ampere REO,2-wheeler
5,Odysse Evoqis,2-wheeler
5,Odysse Evoqis,2-wheeler
5,Odysse Evoqis,2-wheeler
5,Hero Electric NYX HX,2-wheeler
5,Hero Electric NYX HX,2-wheeler
4,Okinawa i-Praise,2-wheeler
4,Okinawa i-Praise,2-wheeler
3,Okinawa i-Praise,2-wheeler
1,Okinawa i-Praise,2-wheeler
1,Okinawa i-Praise,2-wheeler
5,Okinawa i-Praise,2-wheeler
5,Okinawa i-Praise,2-wheeler
5,Okinawa i-Praise,2-wheeler
5,Okinawa i-Praise,2-wheeler
1,Okinawa i-Praise,2-wheeler
1,Okinawa i-Praise,2-wheeler
5,Joy e-bike Monster,2-wheeler
1,Joy e-bike Monster,2-wheeler
3,PURE EV ETrance Neo,2-wheeler
3,PURE EV ETrance Neo,2-wheeler
3,PURE EV ETrance Neo,2-wheeler
1,PURE EV ETrance Neo,2-wheeler
4,PURE EV ETrance Neo,2-wheeler
3,PURE EV ETrance Neo,2-wheeler
1,PURE EV ETrance Neo,2-wheeler
4,PURE EV ETrance Neo,2-wheeler
5,PURE EV ETrance Neo,2-wheeler
3,PURE EV ETrance Neo,2-wheeler
4,PURE EV ETrance Neo,2-wheeler
4,PURE EV ETrance Neo,2-wheeler
4,PURE EV ETrance Neo,2-wheeler
5,PURE EV ETrance Neo,2-wheeler
5,PURE EV ETrance Neo,2-wheeler
4,PURE EV ETrance Neo,2-wheeler
4,PURE EV ETrance Neo,2-wheeler
5,PURE EV ETrance Neo,2-wheeler
3,PURE EV ETrance Neo,2-wheeler
5,Evolet Polo,2-wheeler
5,Evolet Polo,2-wheeler
5,Okinawa Ridge Plus,2-wheeler
2,Okinawa Ridge Plus,2-wheeler
2,Okinawa Ridge Plus,2-wheeler
4,Okinawa Ridge Plus,2-wheeler
5,Okinawa Ridge Plus,2-wheeler
4,Okinawa Ridge Plus,2-wheeler
1,Okinawa Ridge Plus,2-wheeler
2,Okinawa Ridge Plus,2-wheeler
3,Okinawa Ridge Plus,2-wheeler
5,Okinawa Ridge Plus,2-wheeler
3,Okinawa Ridge Plus,2-wheeler
3,Okinawa Ridge Plus,2-wheeler
2,Okinawa Ridge Plus,2-wheeler
1,Okinawa Ridge Plus,2-wheeler
1,Okinawa Ridge Plus,2-wheeler
4,Ampere Zeal,2-wheeler
5,Ampere Zeal,2-wheeler
2,Ampere Zeal,2-wheeler
2,Ampere Zeal,2-wheeler
1,Ampere Zeal,2-wheeler
1,Ampere Zeal,2-wheeler
5,Ampere Zeal,2-wheeler
5,Ampere Zeal,2-wheeler
5,Ampere Zeal,2-wheeler
3,Ampere Zeal,2-wheeler
1,Ampere Zeal,2-wheeler
1,Ampere Zeal,2-wheeler
2,Ampere Zeal,2-wheeler
4,Hero Electric Atria,2-wheeler
4,Hero Electric Atria,2-wheeler
5,Hero Electric Atria,2-wheeler
5,Okinawa Lite,2-wheeler
3,Okinawa Lite,2-wheeler
4,Okinawa Lite,2-wheeler
5,Okinawa Lite,2-wheeler
2,Okinawa Lite,2-wheeler
5,Okinawa Lite,2-wheeler
5,Okinawa Lite,2-wheeler
1,Okinawa Lite,2-wheeler
4,Hero Electric NYX,2-wheeler
1,Hero Electric NYX,2-wheeler
3,Hero Electric NYX,2-wheeler
1,Hero Electric NYX,2-wheeler
1,Hero Electric NYX,2-wheeler
1,Hero Electric NYX,2-wheeler
1,Hero Electric NYX,2-wheeler
4,Hero Electric NYX,2-wheeler
5,Hero Electric NYX,2-wheeler
4,Okinawa R30,2-wheeler
5,Okinawa R30,2-wheeler
2,Okinawa R30,2-wheeler
4,Okinawa R30,2-wheeler
1,Okinawa R30,2-wheeler
4,Okinawa R30,2-wheeler
5,Okinawa R30,2-wheeler
1,Okinawa R30,2-wheeler
5,Yo Drift,2-wheeler
1,Yo Drift,2-wheeler
5,Yo Drift,2-wheeler
4,Yo Drift,2-wheeler
3,Yo Drift,2-wheeler
4,BGauss B8,2-wheeler
1,BGauss B8,2-wheeler
2,BGauss B8,2-wheeler
5,BGauss B8,2-wheeler
1,Joy e-bike Wolf,2-wheeler
5,Joy e-bike Wolf,2-wheeler
1,Joy e-bike Wolf,2-wheeler
1,Joy e-bike Wolf,2-wheeler
1,Joy e-bike Wolf,2-wheeler
5,Gemopai Astrid Lite,2-wheeler
5,Gemopai Astrid Lite,2-wheeler
5,Gemopai Astrid Lite,2-wheeler
5,Techo Electra Emerge,2-wheeler
1,Techo Electra Emerge,2-wheeler
1,Techo Electra Emerge,2-wheeler
5,Techo Electra Emerge,2-wheeler
5,Techo Electra Emerge,2-wheeler
5,Techo Electra Emerge,2-wheeler
4,Techo Electra Emerge,2-wheeler
5,Techo Electra Emerge,2-wheeler
5,Techo Electra Emerge,2-wheeler
1,Techo Electra Emerge,2-wheeler
5,Techo Electra Raptor,2-wheeler
5,Techo Electra Raptor,2-wheeler
1,Techo Electra Raptor,2-wheeler
5,Techo Electra Raptor,2-wheeler
1,Techo Electra Raptor,2-wheeler
3,Techo Electra Raptor,2-wheeler
5,Techo Electra Raptor,2-wheeler
4,Techo Electra Raptor,2-wheeler
4,Techo Electra Raptor,2-wheeler
1,e-bike Gen Nxt,2-wheeler
4,e-bike Gen Nxt,2-wheeler
5,e-bike Gen Nxt,2-wheeler
5,e-bike Gen Nxt,2-wheeler
4,e-bike Gen Nxt,2-wheeler
2,Gemopai Ryder,2-wheeler
5,Gemopai Ryder,2-wheeler
2,Gemopai Ryder,2-wheeler
5,Gemopai Ryder,2-wheeler
4,Gemopai Ryder,2-wheeler
5,hyundai kona,4-wheeler
1,hyundai kona,4-wheeler
5,hyundai kona,4-wheeler
5,hyundai kona,4-wheeler
4,hyundai kona,4-wheeler
4,hyundai kona,4-wheeler
5,hyundai kona,4-wheeler
5,hyundai kona,4-wheeler
4,hyundai kona,4-wheeler
4,hyundai kona,4-wheeler
5,hyundai kona,4-wheeler
5,hyundai kona,4-wheeler
4.5,hyundai kona,4-wheeler
5,hyundai kona,4-wheeler
5,hyundai kona,4-wheeler
1,hyundai kona,4-wheeler
5,hyundai kona,4-wheeler
5,hyundai kona,4-wheeler
1,hyundai kona,4-wheeler
5,hyundai kona,4-wheeler
5,hyundai kona,4-wheeler
5,hyundai kona,4-wheeler
4.5,Kia EV6,4-wheeler
4.5,Kia EV6,4-wheeler
4.5,Kia EV6,4-wheeler
5,Kia EV6,4-wheeler
5,Kia EV6,4-wheeler
5,Kia EV6,4-wheeler
4.5,Kia EV6,4-wheeler
4.5,Kia EV6,4-wheeler
5,Kia EV6,4-wheeler
3.5,Kia EV6,4-wheeler
4.5,Kia EV6,4-wheeler
4.5,Kia EV6,4-wheeler
5,Tata Nexon EV,4-wheeler
5,Tata Nexon EV,4-wheeler
5,Tata Nexon EV,4-wheeler
4,Tata Nexon EV,4-wheeler
5,Tata Nexon EV,4-wheeler
5,Tata Nexon EV,4-wheeler
3.5,Tata Nexon EV,4-wheeler
5,Tata Nexon EV,4-wheeler
2.5,Tata Nexon EV,4-wheeler
4.5,Tata Nexon EV,4-wheeler
5,Tata Nexon EV,4-wheeler
5,Tata Nexon EV,4-wheeler
3.5,Tata Nexon EV,4-wheeler
5,Tata Nexon EV,4-wheeler
5,Tata Nexon EV,4-wheeler
4.5,Tata Nexon EV,4-wheeler
4.5,Tata Nexon EV,4-wheeler
4.5,Tata Nexon EV,4-wheeler
5,Tata Nexon EV,4-wheeler
4.5,Tata Nexon EV,4-wheeler
4.5,Tata Nexon EV,4-wheeler
5,Tata Nexon EV,4-wheeler
4.5,Tata Nexon EV,4-wheeler
4.5,Tata Nexon EV,4-wheeler
5,Tata Nexon EV,4-wheeler
4,Tata Nexon EV,4-wheeler
5,Tata Nexon EV,4-wheeler
5,Tata Nexon EV,4-wheeler
4.5,Tata Nexon EV,4-wheeler
5,Tata Nexon EV,4-wheeler
4.5,Tata Nexon EV,4-wheeler
3.5,Tata Nexon EV,4-wheeler
5,Tata Nexon EV,4-wheeler
5,Tata Nexon EV,4-wheeler
5,Tata Nexon EV,4-wheeler
5,Tata Nexon EV,4-wheeler
5,Tata Nexon EV,4-wheeler
5,Tata Nexon EV,4-wheeler
5,Tata Nexon EV,4-wheeler
5,Tata Nexon EV,4-wheeler
4.5,Tata Nexon EV,4-wheeler
4.5,Tata Nexon EV,4-wheeler
5,Tata Nexon EV,4-wheeler
5,Tata Nexon EV,4-wheeler
4.5,Tata Nexon EV,4-wheeler
4.5,Tata Nexon EV,4-wheeler
2.5,Tata Nexon EV,4-wheeler
4.5,Tata Nexon EV,4-wheeler
5,Tata Nexon EV,4-wheeler
4.5,Tata Nexon EV,4-wheeler
5,Tata Nexon EV,4-wheeler
4,Tata Nexon EV,4-wheeler
1,Tata Nexon EV,4-wheeler
5,Tata Nexon EV,4-wheeler
4.5,Tata Nexon EV,4-wheeler
4.5,Tata Nexon EV,4-wheeler
5,Tata Nexon EV,4-wheeler
1,Tata Nexon EV,4-wheeler
5,Tata Nexon EV,4-wheeler
3.5,Tata Nexon EV,4-wheeler
2.5,Tata Nexon EV,4-wheeler
2,Tata Nexon EV,4-wheeler
1.5,Tata Nexon EV,4-wheeler
5,Tata Nexon EV,4-wheeler
5,Tata Nexon EV,4-wheeler
4.5,Tata Nexon EV,4-wheeler
5,Tata Nexon EV,4-wheeler
5,Tata Nexon EV,4-wheeler
2.5,Tata Nexon EV,4-wheeler
3.5,Tata Nexon EV,4-wheeler
1,Tata Nexon EV,4-wheeler
4,Tata Nexon EV,4-wheeler
4.5,Tata Nexon EV,4-wheeler
2,Tata Nexon EV,4-wheeler
4.5,MG ZS EV,4-wheeler
4.5,MG ZS EV,4-wheeler
5,MG ZS EV,4-wheeler
4.5,MG ZS EV,4-wheeler
3.5,MG ZS EV,4-wheeler
5,MG ZS EV,4-wheeler
4,MG ZS EV,4-wheeler
3.5,MG ZS EV,4-wheeler
4.5,MG ZS EV,4-wheeler
5,MG ZS EV,4-wheeler
5,MG ZS EV,4-wheeler
5,MG ZS EV,4-wheeler
4.5,Tata Tigor EV,4-wheeler
4.5,Tata Tigor EV,4-wheeler
4.5,Tata Tigor EV,4-wheeler
5,Tata Tigor EV,4-wheeler
5,Tata Tigor EV,4-wheeler
5,Tata Tigor EV,4-wheeler
3.5,Tata Tigor EV,4-wheeler
5,Tata Tigor EV,4-wheeler
4.5,Tata Tigor EV,4-wheeler
3.5,Tata Tigor EV,4-wheeler
5,Tata Tigor EV,4-wheeler
4.5,Tata Tigor EV,4-wheeler
5,Tata Tigor EV,4-wheeler
5,Tata Tigor EV,4-wheeler
4.5,Tata Tigor EV,4-wheeler
4.5,BYD E6,4-wheeler
4.5,BYD E6,4-wheeler
4.5,BYD E6,4-wheeler
4.5,BYD E6,4-wheeler
4.5,BYD E6,4-wheeler
5,hyundai kona,4-wheeler
0,hyundai kona,4-wheeler
5,hyundai kona,4-wheeler
5,hyundai kona,4-wheeler
3,hyundai kona,4-wheeler
5,hyundai kona,4-wheeler
5,hyundai kona,4-wheeler
5,hyundai kona,4-wheeler
5,hyundai kona,4-wheeler
5,hyundai kona,4-wheeler
5,hyundai kona,4-wheeler
5,hyundai kona,4-wheeler
5,hyundai kona,4-wheeler
4,hyundai kona,4-wheeler
5,hyundai kona,4-wheeler
5,hyundai kona,4-wheeler
5,hyundai kona,4-wheeler
5,hyundai kona,4-wheeler
5,hyundai kona,4-wheeler
5,hyundai kona,4-wheeler
3,hyundai kona,4-wheeler
5,hyundai kona,4-wheeler
5,hyundai kona,4-wheeler
5,hyundai kona,4-wheeler
2,hyundai kona,4-wheeler
5,hyundai kona,4-wheeler
5,hyundai kona,4-wheeler
5,hyundai kona,4-wheeler
5,hyundai kona,4-wheeler
3,hyundai kona,4-wheeler
2,hyundai kona,4-wheeler
4,hyundai kona,4-wheeler
5,hyundai kona,4-wheeler
5,hyundai kona,4-wheeler
4,tata nexon ev,4-wheeler
5,tata nexon ev,4-wheeler
5,tata nexon ev,4-wheeler
5,tata nexon ev,4-wheeler
5,tata nexon ev,4-wheeler
4,tata nexon ev,4-wheeler
0,tata nexon ev,4-wheeler
5,tata nexon ev,4-wheeler
5,tata nexon ev,4-wheeler
4,tata nexon ev,4-wheeler
5,tata nexon ev,4-wheeler
0,tata nexon ev,4-wheeler
5,tata nexon ev,4-wheeler
5,tata nexon ev,4-wheeler
5,tata nexon ev,4-wheeler
5,tata nexon ev,4-wheeler
5,tata nexon ev,4-wheeler
5,tata nexon ev,4-wheeler
4,tata nexon ev,4-wheeler
5,tata nexon ev,4-wheeler
5,tata nexon ev,4-wheeler
5,tata nexon ev,4-wheeler
5,tata nexon ev,4-wheeler
5,tata nexon ev,4-wheeler
4,tata nexon ev,4-wheeler
5,tata nexon ev,4-wheeler
5,tata nexon ev,4-wheeler
5,tata nexon ev,4-wheeler
3,tata nexon ev,4-wheeler
5,tata nexon ev,4-wheeler
5,tata nexon ev,4-wheeler
0,tata nexon ev,4-wheeler
3,tata nexon ev,4-wheeler
5,tata nexon ev,4-wheeler
5,tata nexon ev,4-wheeler
4,tata nexon ev,4-wheeler
5,tata nexon ev,4-wheeler
5,tata nexon ev,4-wheeler
5,tata nexon ev,4-wheeler
5,tata nexon ev,4-wheeler
5,tata nexon ev,4-wheeler
5,tata nexon ev,4-wheeler
0,tata nexon ev,4-wheeler
2,tata nexon ev,4-wheeler
3,tata nexon ev,4-wheeler
5,tata nexon ev,4-wheeler
4,tata nexon ev,4-wheeler
5,tata nexon ev,4-wheeler
5,tata nexon ev,4-wheeler
5,tata nexon ev,4-wheeler
5,tata nexon ev,4-wheeler
4,tata nexon ev,4-wheeler
5,tata nexon ev,4-wheeler
5,tata nexon ev,4-wheeler
5,tata nexon ev,4-wheeler
5,tata nexon ev,4-wheeler
5,tata nexon ev,4-wheeler
5,tata nexon ev,4-wheeler
5,tata nexon ev,4-wheeler
4,tata nexon ev,4-wheeler
5,tata nexon ev,4-wheeler
5,tata nexon ev,4-wheeler
5,tata nexon ev,4-wheeler
3,tata nexon ev,4-wheeler
5,tata nexon ev,4-wheeler
5,tata nexon ev,4-wheeler
5,tata nexon ev,4-wheeler
4,tata nexon ev,4-wheeler
5,tata nexon ev,4-wheeler
5,tata nexon ev,4-wheeler
5,tata nexon ev,4-wheeler
5,tata nexon ev,4-wheeler
5,tata nexon ev,4-wheeler
5,tata nexon ev,4-wheeler
5,tata nexon ev,4-wheeler
5,tata tigor ev,4-wheeler
0,tata tigor ev,4-wheeler
5,tata tigor ev,4-wheeler
0,tata tigor ev,4-wheeler
5,tata tigor ev,4-wheeler
0,tata tigor ev,4-wheeler
5,tata tigor ev,4-wheeler
5,tata tigor ev,4-wheeler
5,tata tigor ev,4-wheeler
5,tata tigor ev,4-wheeler
2,tata tigor ev,4-wheeler
4,tata tigor ev,4-wheeler
5,tata tigor ev,4-wheeler
0,tata tigor ev,4-wheeler
5,tata tigor ev,4-wheeler
4,tata tigor ev,4-wheeler
5,tata tigor ev,4-wheeler
5,tata tigor ev,4-wheeler
5,tata tigor ev,4-wheeler
5,tata tigor ev,4-wheeler
